Type;GUID;createdBy;creationDate;versionDescription;hasDocument;hasLinkElement
LinkElement;1CBC5F63431C18EDAA937D82D14BC37D;085B41FB-4179-5EBD-5A86-728978687498;2021-2-19T13:12:35;Version 1.0;A0E1C07648E05BD1E5D79C90E5C5F312
LinkElement;87E725C54EEDB48DD28C57AB879F4BE7;085B41FB-4179-5EBD-5A86-728978687498;2021-2-19T13:12:35;Version 1.0;2089403947AA2AE8EC4C2D967E098343
LinkElement;FD89660B431FD955FCEF9998E7C38657;085B41FB-4179-5EBD-5A86-728978687498;2021-2-19T13:12:35;Version 1.0;BD7CC4CD4A897D4379B4D6898738AD62
Link;C10EF73544246CB38297BAB62FC18D40;085B41FB-4179-5EBD-5A86-728978687498;2021-2-19T13:12:35;Version 1.0;;1CBC5F63431C18EDAA937D82D14BC37D, 87E725C54EEDB48DD28C57AB879F4BE7, FD89660B431FD955FCEF9998E7C38657
LinkElement;E8F0C01F4C804A5D6233519639182BD6;085B41FB-4179-5EBD-5A86-728978687498;2021-2-19T13:12:35;Version 1.0;37AA8F0C49BDE8041484938FC2DD9073
LinkElement;13943B284BBCB09CD75F3ABBD295C288;085B41FB-4179-5EBD-5A86-728978687498;2021-2-19T13:12:35;Version 1.0;9935A0CB4B191C6F5C5E26A109FD22EB
LinkElement;D8A8039E48A7B496441EC0BD700F0DC1;085B41FB-4179-5EBD-5A86-728978687498;2021-2-19T13:12:35;Version 1.0;E2A48D0F4A089F7015B812A1749B63D9
Link;5F84B8DB49405BD0A080EF8EF39C375C;085B41FB-4179-5EBD-5A86-728978687498;2021-2-19T13:12:35;Version 1.0;;E8F0C01F4C804A5D6233519639182BD6, 13943B284BBCB09CD75F3ABBD295C288, D8A8039E48A7B496441EC0BD700F0DC1
LinkElement;9F5BE6AA4225FD2DC5B23E9D9E2C7F1B;085B41FB-4179-5EBD-5A86-728978687498;2021-2-19T13:12:35;Version 1.0;54DDB9A4441F8F74C306C19B8FB8B426
LinkElement;9244B6F746972DDF90FBCCB5E1FCBE70;085B41FB-4179-5EBD-5A86-728978687498;2021-2-19T13:12:35;Version 1.0;FE7A67D8413B0825BB7A5AAE0ABE39DE
Link;EE60AF0E4435E598FB0D609DA7AC3BF5;085B41FB-4179-5EBD-5A86-728978687498;2021-2-19T13:12:35;Version 1.0;;9F5BE6AA4225FD2DC5B23E9D9E2C7F1B, 9244B6F746972DDF90FBCCB5E1FCBE70
LinkElement;76C901A849A1B35BC385808A9ED0B62E;085B41FB-4179-5EBD-5A86-728978687498;2021-2-19T13:12:35;Version 1.0;89C95BFB4C1B4D2D839CF89145C4E258
LinkElement;8D612F204F2F6280A34404A30A9025E4;085B41FB-4179-5EBD-5A86-728978687498;2021-2-19T13:12:35;Version 1.0;6D97B6314A62611F3F1495BCF006C655
LinkElement;0F6E552F42F5296E6FFBEF9F08DF415C;085B41FB-4179-5EBD-5A86-728978687498;2021-2-19T13:12:35;Version 1.0;7230E6A945F0DA842A834C9305E9A5B9
Link;6B3DE446470AB2D027200A9D45FF23DF;085B41FB-4179-5EBD-5A86-728978687498;2021-2-19T13:12:35;Version 1.0;;76C901A849A1B35BC385808A9ED0B62E, 8D612F204F2F6280A34404A30A9025E4, 0F6E552F42F5296E6FFBEF9F08DF415C
LinkElement;A9EC0C964A205EC0D92376BD9384B873;085B41FB-4179-5EBD-5A86-728978687498;2021-2-19T13:12:35;Version 1.0;BF6CAECE4469D006DBBBEA963B6E6F5A
LinkElement;FB0C5E6949694589734A97A6D3DFA2F1;085B41FB-4179-5EBD-5A86-728978687498;2021-2-19T13:12:35;Version 1.0;F74667844098D3A5D50C859CC550D3A9
LinkElement;58EC0A9243D8C441127EC4BA1EC915FF;085B41FB-4179-5EBD-5A86-728978687498;2021-2-19T13:12:35;Version 1.0;377FF2D1431A0B5BF56C5EB8D1CFFFB6
Link;6D504D9949D7E040893F68AD1735DAE7;085B41FB-4179-5EBD-5A86-728978687498;2021-2-19T13:12:35;Version 1.0;;A9EC0C964A205EC0D92376BD9384B873, FB0C5E6949694589734A97A6D3DFA2F1, 58EC0A9243D8C441127EC4BA1EC915FF
LinkElement;8939DF21410DD110FD6052B30B5292DB;085B41FB-4179-5EBD-5A86-728978687498;2021-2-19T13:12:35;Version 1.0;2AEE6D194624AEE9F428D7AA29799A56
LinkElement;204B13DE44AB582ACCAB748E5A682F17;085B41FB-4179-5EBD-5A86-728978687498;2021-2-19T13:12:35;Version 1.0;5680CF4F42C20A8FFCCE5DAAD40A70DA
Link;2F5DF4C149B71B8B71D170ABEA57ED0B;085B41FB-4179-5EBD-5A86-728978687498;2021-2-19T13:12:35;Version 1.0;;8939DF21410DD110FD6052B30B5292DB, 204B13DE44AB582ACCAB748E5A682F17
LinkElement;244A48D24A00EB80F627E2AF58186D55;085B41FB-4179-5EBD-5A86-728978687498;2021-2-19T13:12:35;Version 1.0;F51EB7E94B5566048118C7830D79861D
LinkElement;2E4BEE1449643AE6E9BD45B9194B0E50;085B41FB-4179-5EBD-5A86-728978687498;2021-2-19T13:12:35;Version 1.0;E1097C354E111291DF7B2099260228D9
Link;407511A443E5537A2CC0B1BB7070C931;085B41FB-4179-5EBD-5A86-728978687498;2021-2-19T13:12:35;Version 1.0;;244A48D24A00EB80F627E2AF58186D55, 2E4BEE1449643AE6E9BD45B9194B0E50
LinkElement;4D33514147EDF8E6D570358C979403A2;085B41FB-4179-5EBD-5A86-728978687498;2021-2-19T13:12:35;Version 1.0;473B0EBB470FB902294C7D8593EBC075
LinkElement;B5DE93084B2B79D851B5C684443F2F00;085B41FB-4179-5EBD-5A86-728978687498;2021-2-19T13:12:35;Version 1.0;F16066094A3D17117647C4AE7B22D379
Link;3CE982A74BC988DEEDF8D1A7F92F00BB;085B41FB-4179-5EBD-5A86-728978687498;2021-2-19T13:12:35;Version 1.0;;4D33514147EDF8E6D570358C979403A2, B5DE93084B2B79D851B5C684443F2F00
LinkElement;67D2266D4B04C4515B8F5E94A725FCE8;085B41FB-4179-5EBD-5A86-728978687498;2021-2-19T13:12:35;Version 1.0;BC19404E44E7B7848D81278481376BCC
LinkElement;4B1270BD4002E6BC034D6FBA81B0723F;085B41FB-4179-5EBD-5A86-728978687498;2021-2-19T13:12:35;Version 1.0;1D22DA454D01814919F64E91C4E247E3
Link;49A6949149ADDE5BF3B8F2AE1B79F5A1;085B41FB-4179-5EBD-5A86-728978687498;2021-2-19T13:12:35;Version 1.0;;67D2266D4B04C4515B8F5E94A725FCE8, 4B1270BD4002E6BC034D6FBA81B0723F
LinkElement;D3CA650E4C4034F614BF34BE63C5C64A;085B41FB-4179-5EBD-5A86-728978687498;2021-2-19T13:12:35;Version 1.0;F255250A413409AE89F69A8F50BE9CBF
LinkElement;62320ADF498E0BDBEA068D84961B4908;085B41FB-4179-5EBD-5A86-728978687498;2021-2-19T13:12:35;Version 1.0;66C615F9408AF25FDED7108650EDFE01
Link;2D83F2544F85D12380005595561B8001;085B41FB-4179-5EBD-5A86-728978687498;2021-2-19T13:12:35;Version 1.0;;D3CA650E4C4034F614BF34BE63C5C64A, 62320ADF498E0BDBEA068D84961B4908
